[
    {
        "poster": {
            "ident": "22915745",
            "display_name": "Kenneth Kufluk",
            "service": "twitter.com",
            "avatar_url": "http://a3.twimg.com/profile_images/1224766800/i_really_need_a_haircut_shave_newshirt_normal.jpg"
        },
        "message": "Current status: http://t.co/ltgYjyB (NSFW)",
        "video": {
            "ident": "RJC8pJ7xbB0",
            "service": "youtube.com"
        },
        "id": 30,
        "posted": "2011-03-09T00:45:47"
    },
    {
        "poster": {
            "ident": "817062",
            "display_name": "Margaret Stewart",
            "service": "twitter.com",
            "avatar_url": "http://a0.twimg.com/profile_images/1254381801/margaretcloseup_normal.jpg"
        },
        "message": "jennifer aniston goes viral - smartwater http://t.co/X6Tncxq via @youtube",
        "video": {
            "ident": "Rc47LcvIxyI",
            "service": "youtube.com"
        },
        "id": 27,
        "posted": "2011-03-09T00:27:47"
    },
    {
        "poster": {
            "ident": "817062",
            "display_name": "Margaret Stewart",
            "service": "twitter.com",
            "avatar_url": "http://a0.twimg.com/profile_images/1254381801/margaretcloseup_normal.jpg"
        },
        "message": "The best part of the story? @BradPaisley really did show up & play! -- We believe in Allie...do you Brad Paisley??!! http://t.co/LizmV5S",
        "video": {
            "ident": "QVTNbTz9TEM",
            "service": "youtube.com"
        },
        "id": 28,
        "posted": "2011-03-09T00:25:00"
    },
    {
        "poster": {
            "ident": "16205983",
            "display_name": "Gercek Karakus",
            "service": "twitter.com",
            "avatar_url": "http://a0.twimg.com/profile_images/1261986664/gercek-2_normal.png"
        },
        "message": "@firatdemirel  I can't remember\u00a0 the name of the song, it was one of  her rare records. Might be this one http://youtu.be/Z1GRirCTLQ0",
        "video": {
            "ident": "Z1GRirCTLQ0",
            "service": "youtube.com"
        },
        "id": 29,
        "posted": "2011-03-09T00:23:05"
    },
    {
        "poster": {
            "ident": "15848814",
            "display_name": "Ufuk K\u0131l\u0131\u00e7",
            "service": "twitter.com",
            "avatar_url": "http://a3.twimg.com/profile_images/1137985581/Untitled-15555555555_normal.jpg"
        },
        "message": "G\u00fcn\u00fcn \u00f6zeti: -- Kar Ya\u011f\u0131yor Bug\u00fcn Ankara'ya - Haramiler http://t.co/feKT9eX",
        "video": {
            "ident": "eJjAXvCokas",
            "service": "youtube.com"
        },
        "id": 26,
        "posted": "2011-03-08T21:32:51"
    },
    {
        "poster": {
            "ident": "7198302",
            "display_name": "Jonathan Stark",
            "service": "twitter.com",
            "avatar_url": "http://a2.twimg.com/profile_images/845865623/jonathanstark-scarf_normal.jpg"
        },
        "message": "\"Space Shuttle Launch Viewed From an Airplane\" http://bit.ly/homnzE p.s. Wow /via @gruber",
        "video": {
            "ident": "GE_USPTmYXM",
            "service": "youtube.com"
        },
        "id": 25,
        "posted": "2011-03-08T21:01:01"
    },
    {
        "poster": {
            "ident": "14681621",
            "display_name": "Darren Hoyt",
            "service": "twitter.com",
            "avatar_url": "http://a1.twimg.com/profile_images/188424996/twitter_pic_normal.jpg"
        },
        "message": "The Ex play live at Yared Music School in Ethiopia. Hell yeah. - http://bit.ly/fxiy6a",
        "video": {
            "ident": "ffoqmes7_Y0",
            "service": "youtube.com"
        },
        "id": 22,
        "posted": "2011-03-08T20:29:32"
    },
    {
        "poster": {
            "ident": "7198302",
            "display_name": "Jonathan Stark",
            "service": "twitter.com",
            "avatar_url": "http://a2.twimg.com/profile_images/845865623/jonathanstark-scarf_normal.jpg"
        },
        "message": "Kinect Controlled Robot http://vimeo.com/20594424 p.s. Er... just me or is this a teaser demo of how robot tech can go horribly wrong?",
        "video": {
            "ident": "20594424",
            "service": "vimeo.com"
        },
        "id": 23,
        "posted": "2011-03-08T20:01:02"
    },
    {
        "poster": {
            "ident": "14712874",
            "display_name": "Jeffrey Kalmikoff",
            "service": "twitter.com",
            "avatar_url": "http://a0.twimg.com/profile_images/1212975325/eightbit-b480c6ed-75f4-44b9-b0ba-7d1b7928e414_normal.png"
        },
        "message": "Anyone ever seen the movie Strange Days? Wish this was more than just a helmet-cam... http://bit.ly/h5nqgM",
        "video": {
            "ident": "F2qcYjJrZVc",
            "service": "youtube.com"
        },
        "id": 24,
        "posted": "2011-03-08T19:57:55"
    },
    {
        "poster": {
            "ident": "17623957",
            "display_name": "DesignObserver",
            "service": "twitter.com",
            "avatar_url": "http://a2.twimg.com/profile_images/340155402/twitter_profile_bigger_normal.gif"
        },
        "message": "892 unique ways to partition 3x4 grids Winterhouse patent. Dubberly Design poster:  http://bit.ly/g9HOlZ NOW THE MOVIE! http://bit.ly/e4OTy1",
        "video": {
            "ident": "20764787",
            "service": "vimeo.com"
        },
        "id": 21,
        "posted": "2011-03-08T18:35:56"
    }
]